Dataset,Algoritmo,Average SSIM,Average PSNR
Cobblestone,FLV1,0.9083951364656639,31.73161983810674
Cobblestone,MJPEG,0.9032413017274347,31.212156009922086
Cobblestone,ProRes,0.9031567397917852,31.21277786823918
Cobblestone,MPEG4,0.9071650183264017,31.63762080683672
