Dataset,Algoritmo,Rapporto compressione,Tempo compressione,Dimensione iniziale,Dimensione finale
Cobblestone,FLV1,113.05444219352484,1.9991028308868408,102795656,909258
Cobblestone,MJPEG,16.396305890159248,0.7125115394592285,102795656,6269440
Cobblestone,ProRes,14.78326728039952,0.7858662605285645,102795656,6953514
Cobblestone,MPEG4,124.9421522559818,0.7497849464416504,102795656,822746
